{
  "company_name": "Invik",
  "years_covered": "1999-2000",
  "total_years": 2,
  "total_members": 9,
  "avg_board_size": 7.5,
  "avg_tenure": 1.7777777777777777,
  "median_tenure": 2.0,
  "avg_turnover_rate": 0.13333333333333333,
  "board_size_by_year": {
    "1999": 7,
    "2000": 8
  },
  "turnover_by_period": {
    "1999-2000": {
      "joined": 1,
      "left": 1,
      "stayed": 7,
      "turnover_rate": 0.13333333333333333
    }
  }
}